insert into instituto values
	('1', 'agrarias'),
	('2', 'engenharias'),
	('3', 'biologicas'),
	('4', 'exatas e da terra'),
	('5', 'humanas'), 
	('6', 'sociais e aplicadas'),
	('7', 'saude');

insert into curso values
	('1','6','Administração'),
    ('3','1','Agronomia - Integral'),
    ('4','3','Ciências Biológicas'),
    ('5','3','Ciência de Alimentos'),
    ('6','2','Engenharia Civil'),
    ('7','2','Engenharia de Produção'),
    ('8','7','Nutrição'),
    ('9','4','Quimica'),
    ('10','4','Sistemas de Informação'),
    ('12','6','Ciências Contábeis');
  
insert into cargosDisponiveis values
	('1', 'Professor Especialista'),
    ('2', 'Professor Mestre'),
    ('3', 'Professor Doutor'),
    ('4', 'Assessor de Controle e Normas'),
    ('5', 'Assessor de Relações Institucionais '),
    ('6', 'Coordenador Adjunto do NIP'),
    ('7', 'Coordenador de Curso'),
    ('8', 'Coordenador do CAPSI – Apoio Psicopedagógico'),
    ('9', 'Coordenador de Apoio Didático-Pedagógico '),
    ('10', 'Diretor Acadêmico'),
    ('11', 'Diretor Financeiro'),
    ('12', 'Diretor Geral'),
    ('13', 'Analista de Sistema'),
    ('14', 'Analista Administrativo'),
    ('15', 'Assistente Administrativo'),
    ('16', 'Auxiliar Administrativo'),
    ('17', 'Auxiliar de Bibliotecário'),
    ('18', 'Bibliotecário'),
    ('19', 'Chefe de Seção de Serviços Gerais'),
    ('20', 'Contador'),
    ('21', 'Faxineiro'),
    ('22', 'Inspetor de Sala'),
    ('23', 'Jardineiro'),
    ('24', 'Operador de Sistemas de Informática'),
    ('25', 'Porteiro'),
    ('26', 'Recepcionista'),
    ('27', 'Secretaria Acadêmica');

insert into disciplina 
(`idDisciplina`,`nome_discipilina`,`creditos`,`carga_hora_teorica`,`carga_hora_pratica`,`semestreOfertado`)
values
('CRP199','Cálculo Diferencial e Integral','4','4',default,'3'),
('CRP297','Sociologia Geral','4','4',default,'3'),
('SIN110','Programação','6','4','2','3'),
('SIN130','Introdução a lógica','4','4',default,'1'),
('CRP192', 'Iniciação à Estatística','4','4',default,'3'),
('CRP298', 'Geometria Analítica e Álgebra Linear','4','4',default,'3'),
('SIN100', 'Tratamento e Análise de Dados/Informações','4','4', default,'2'),
('SIN101', 'Informática e Sociedade', '2','2',default,'2'),
('SIN211', 'Algoritmos e Estruturas de Dados','6','4','2','2'),
('CRP291', 'Inglês I','4','4',default,'3'),
('SIN132', 'Matemática Discreta','4',default,'4','1'),
('SIN141','Computação Orientada a Objetos','4','4',default,'2'),
('SIN222', 'Fundamentos de Sistemas de Informação','4','4',default,'2'),
('SIN251', 'Organização de Computadores','4','4',default,'2'),
('SIN142', 'Programação Concorrente e Distribuída','2','2',default,'2'),
('SIN213', 'Projeto de Algoritmos','6','4','2','2'),
('SIN220', 'Banco de Dados', '4','4',default,'2'),
('SIN221', 'Engenharia de Software I','4','4',default,'2'),
('SIN252', 'Arquitetura de Computadores','4','4',default,'2'),
('SIN131', 'Introdução à Teoria da Computação','4','4',default,'1'),
('SIN143', 'Laboratório de Programação','4','2','2','1'),
('SIN320', 'Laboratório de Banco de Dados','4','2','2','1'),
('SIN321', 'Engenharia de Software','4','4',default,'1'),
('SIN351', 'Sistemas Operacionais','4','4',default,'1'),
('ADE104', 'Teoria Geral da Administração', '4', '4',default,'3'),
('SIN322', 'Prática de Gerenciamento de Projetos', '2', '2', default,'2'),
('SIN323', 'Inteligência Artificial','4', '4', default,'2'),
('SIN352', 'Redes de Computadores', '6', '4', '2','2'),
('SIN421', 'Interação HumanoComputador', '4','4',default,'2'),
('ADE190', 'Introdução à Economia','4','4',default,'3'),
('ADE345', 'Comportamento Organizacional','4','4',default,'3'),
('SIN392', 'Introdução ao Processamento Digital de Imagens','4','4',default,'1'),
('SIN498', 'Trabalho de Conclusão de Curso I', '0', '0', '14','3'),
('ADE327', 'Empreendedorismo','4','4',default,'3'),
('CIC100', 'Contabilidade Geral', '4','4',default,'3'),
('SIN480', 'Pesquisa Operacional I','4','4',default,'2'),
('SIN496', 'Atividades Complementares','0','0','12','3'),
('SIN499', 'Trabalho de Conclusão de Curso II', '0','0','14','3');

insert into prerequisito
values
( 'CRP192','CRP191, CRP199'),
( 'CRP298','CRP191, CRP199'),
( 'SIN211','SIN110'),
( 'SIN141','SIN110'),
( 'SIN251','SIN110'),
( 'SIN142','SIN141'),
( 'SIN213','SIN211 e SIN132'),
( 'SIN252','SIN251'),
( 'SIN143','SIN141 e SIN320'),
( 'SIN320','SIN220'),
( 'SIN321','SIN221'),
( 'SIN351','SIN142'),
( 'SIN131','SIN132'),
( 'SIN322','SIN221'),
( 'SIN323','SIN130'),
( 'SIN352','SIN351'),
( 'SIN421','SIN221'),
( 'SIN392','CRP199 e SIN110'),
( 'SIN498','SIN321'),
( 'SIN480','SIN110'),
( 'SIN499','SIN498');

insert into disciplina_has_curso
(`curso_idCurso`,`disciplina_idDisciplina`)
values
(10,'CRP199'),(9,'CRP199'),(7,'CRP199'),(6,'CRP199'),
(12,'CRP297'),(10,'CRP297'),(9,'CRP297'),(8,'CRP297'),(7,'CRP297'),(1,'CRP297'),
(1,'CRP192'),(3,'CRP192'),(4,'CRP192'),(5,'CRP192'),(6,'CRP192'),(7,'CRP192'),(9,'CRP192'),(10,'CRP192'),(12,'CRP192'),
(3,'CRP298'),(6,'CRP298'),(7,'CRP298'),(9,'CRP298'),(10,'CRP298'),
(10,'CRP291'),
(10,'ADE104'),(12,'ADE104'),(6,'ADE104'),(7,'ADE104'),
(10,'ADE190'),(12,'ADE190'),(6,'ADE190'),(7,'ADE190'),
(10,'ADE345'),
(10,'ADE327'),
(10,'CIC100'),(7,'CIC100'),(1,'CIC100'),
(10,'SIN110'),(7,'SIN110'),
(10,'SIN130'),
(10,'SIN100'),
(10,'SIN101'),
(10,'SIN132'),
(10,'SIN211'),(7,'SIN211'),
(10,'SIN141'),
(10,'SIN222'),
(10,'SIN251'),
(10,'SIN142'),
(10,'SIN213'),
(10,'SIN220'),
(10,'SIN221'),
(10,'SIN252'),
(10,'SIN131'),
(10,'SIN143'),
(10,'SIN320'),
(10,'SIN321'),
(10,'SIN351'),
(10,'SIN322'),
(10,'SIN323'),
(10,'SIN352'),
(10,'SIN421'),
(10,'SIN392'),
(10,'SIN498'),
(10,'SIN480'),
(10,'SIN496'),
(10,'SIN499');

insert into periodo
(idPeriodo,curso_idCurso,disciplina_idDisciplina,anoPeriodo)
values
(2,10,'SIN110',default),
(2,10,'SIN100',default),
(2,10,'SIN101',default),
(2,10,'SIN142',default),
(2,10,'SIN211',default),
(2,10,'SIN213',default),
(2,10,'SIN220',default),
(2,10,'SIN221',default),
(2,10,'SIN252',default),
(2,10,'SIN322',default),
(2,10,'SIN323',default),
(2,10,'SIN352',default),
(2,10,'SIN393',default),
(2,10,'SIN421',default),
(2,10,'SIN480',default),
(2,10,'SIN499',default),
(2,10,'SIN496',default),
(2,10,'SIN498',default);
